drift_type,seed,method,phase,success_rate,mean_return
goal_shift,0,fixed_count,pre,0.0,0.0
goal_shift,0,fixed_count,post,0.0,0.0
goal_shift,0,time_count,pre,0.0,0.0
goal_shift,0,time_count,post,0.0,0.0
goal_shift,0,fixed_random,pre,0.0,0.0
goal_shift,0,fixed_random,post,0.0,0.0
goal_shift,1,fixed_count,pre,0.0,0.0
goal_shift,1,fixed_count,post,0.0,0.0
goal_shift,1,time_count,pre,0.0,0.0
goal_shift,1,time_count,post,0.0,0.0
goal_shift,1,fixed_random,pre,0.0,0.0
goal_shift,1,fixed_random,post,0.0,0.0
goal_shift,2,fixed_count,pre,0.0,0.0
goal_shift,2,fixed_count,post,0.0,0.0
goal_shift,2,time_count,pre,0.0,0.0
goal_shift,2,time_count,post,0.0,0.0
goal_shift,2,fixed_random,pre,0.0,0.0
goal_shift,2,fixed_random,post,0.0,0.0
goal_shift,3,fixed_count,pre,0.0,0.0
goal_shift,3,fixed_count,post,0.0,0.0
goal_shift,3,time_count,pre,0.0,0.0
goal_shift,3,time_count,post,0.0,0.0
goal_shift,3,fixed_random,pre,0.0,0.0
goal_shift,3,fixed_random,post,0.0,0.0
goal_shift,4,fixed_count,pre,0.0,0.0
goal_shift,4,fixed_count,post,0.0,0.0
goal_shift,4,time_count,pre,0.0,0.0
goal_shift,4,time_count,post,0.0,0.0
goal_shift,4,fixed_random,pre,0.0,0.0
goal_shift,4,fixed_random,post,0.0,0.0
goal_shift,5,fixed_count,pre,0.0,0.0
goal_shift,5,fixed_count,post,0.0,0.0
goal_shift,5,time_count,pre,0.0,0.0
goal_shift,5,time_count,post,0.0,0.0
goal_shift,5,fixed_random,pre,0.0,0.0
goal_shift,5,fixed_random,post,0.0,0.0
goal_shift,6,fixed_count,pre,0.0,0.0
goal_shift,6,fixed_count,post,0.0,0.0
goal_shift,6,time_count,pre,0.0,0.0
goal_shift,6,time_count,post,0.0,0.0
goal_shift,6,fixed_random,pre,0.0,0.0
goal_shift,6,fixed_random,post,0.0,0.0
goal_shift,7,fixed_count,pre,0.0,0.0
goal_shift,7,fixed_count,post,0.0,0.0
goal_shift,7,time_count,pre,0.0,0.0
goal_shift,7,time_count,post,0.0,0.0
goal_shift,7,fixed_random,pre,0.0,0.0
goal_shift,7,fixed_random,post,0.0,0.0
goal_shift,8,fixed_count,pre,0.0,0.0
goal_shift,8,fixed_count,post,0.0,0.0
goal_shift,8,time_count,pre,0.0,0.0
goal_shift,8,time_count,post,0.0,0.0
goal_shift,8,fixed_random,pre,0.0,0.0
goal_shift,8,fixed_random,post,0.0,0.0
goal_shift,9,fixed_count,pre,0.0,0.0
goal_shift,9,fixed_count,post,0.0,0.0
goal_shift,9,time_count,pre,0.0,0.0
goal_shift,9,time_count,post,0.0,0.0
goal_shift,9,fixed_random,pre,0.0,0.0
goal_shift,9,fixed_random,post,0.0,0.0
transition_noise,0,fixed_count,pre,1.0,1.0
transition_noise,0,fixed_count,post,0.95,0.95
transition_noise,0,time_count,pre,0.0,0.0
transition_noise,0,time_count,post,0.75,0.75
transition_noise,0,fixed_random,pre,0.0,0.0
transition_noise,0,fixed_random,post,0.0,0.0
transition_noise,1,fixed_count,pre,0.0,0.0
transition_noise,1,fixed_count,post,0.0,0.0
transition_noise,1,time_count,pre,0.0,0.0
transition_noise,1,time_count,post,0.0,0.0
transition_noise,1,fixed_random,pre,0.0,0.0
transition_noise,1,fixed_random,post,0.0,0.0
transition_noise,2,fixed_count,pre,0.0,0.0
transition_noise,2,fixed_count,post,0.05,0.05
transition_noise,2,time_count,pre,0.0,0.0
transition_noise,2,time_count,post,0.0,0.0
transition_noise,2,fixed_random,pre,0.0,0.0
transition_noise,2,fixed_random,post,0.0,0.0
transition_noise,3,fixed_count,pre,0.0,0.0
transition_noise,3,fixed_count,post,0.4,0.4
transition_noise,3,time_count,pre,0.0,0.0
transition_noise,3,time_count,post,0.0,0.0
transition_noise,3,fixed_random,pre,0.0,0.0
transition_noise,3,fixed_random,post,0.0,0.0
transition_noise,4,fixed_count,pre,0.0,0.0
transition_noise,4,fixed_count,post,0.0,0.0
transition_noise,4,time_count,pre,0.0,0.0
transition_noise,4,time_count,post,0.0,0.0
transition_noise,4,fixed_random,pre,0.0,0.0
transition_noise,4,fixed_random,post,0.55,0.55
transition_noise,5,fixed_count,pre,0.0,0.0
transition_noise,5,fixed_count,post,0.0,0.0
transition_noise,5,time_count,pre,0.0,0.0
transition_noise,5,time_count,post,0.0,0.0
transition_noise,5,fixed_random,pre,0.0,0.0
transition_noise,5,fixed_random,post,0.1,0.1
transition_noise,6,fixed_count,pre,0.0,0.0
transition_noise,6,fixed_count,post,0.3,0.3
transition_noise,6,time_count,pre,0.0,0.0
transition_noise,6,time_count,post,0.0,0.0
transition_noise,6,fixed_random,pre,0.0,0.0
transition_noise,6,fixed_random,post,0.35,0.35
transition_noise,7,fixed_count,pre,0.0,0.0
transition_noise,7,fixed_count,post,0.0,0.0
transition_noise,7,time_count,pre,0.0,0.0
transition_noise,7,time_count,post,0.0,0.0
transition_noise,7,fixed_random,pre,0.0,0.0
transition_noise,7,fixed_random,post,0.0,0.0
transition_noise,8,fixed_count,pre,0.0,0.0
transition_noise,8,fixed_count,post,0.95,0.95
transition_noise,8,time_count,pre,0.0,0.0
transition_noise,8,time_count,post,0.9,0.9
transition_noise,8,fixed_random,pre,0.0,0.0
transition_noise,8,fixed_random,post,0.05,0.05
transition_noise,9,fixed_count,pre,0.0,0.0
transition_noise,9,fixed_count,post,0.7,0.7
transition_noise,9,time_count,pre,0.0,0.0
transition_noise,9,time_count,post,0.15,0.15
transition_noise,9,fixed_random,pre,0.0,0.0
transition_noise,9,fixed_random,post,0.95,0.95
wall_change,0,fixed_count,pre,0.0,0.0
wall_change,0,fixed_count,post,0.0,0.0
wall_change,0,time_count,pre,0.0,0.0
wall_change,0,time_count,post,0.0,0.0
wall_change,0,fixed_random,pre,0.0,0.0
wall_change,0,fixed_random,post,0.0,0.0
wall_change,1,fixed_count,pre,0.0,0.0
wall_change,1,fixed_count,post,0.0,0.0
wall_change,1,time_count,pre,0.0,0.0
wall_change,1,time_count,post,0.0,0.0
wall_change,1,fixed_random,pre,0.0,0.0
wall_change,1,fixed_random,post,0.0,0.0
wall_change,2,fixed_count,pre,0.0,0.0
wall_change,2,fixed_count,post,0.0,0.0
wall_change,2,time_count,pre,0.0,0.0
wall_change,2,time_count,post,0.0,0.0
wall_change,2,fixed_random,pre,0.0,0.0
wall_change,2,fixed_random,post,0.0,0.0
wall_change,3,fixed_count,pre,0.0,0.0
wall_change,3,fixed_count,post,0.0,0.0
wall_change,3,time_count,pre,0.0,0.0
wall_change,3,time_count,post,0.0,0.0
wall_change,3,fixed_random,pre,0.0,0.0
wall_change,3,fixed_random,post,0.0,0.0
wall_change,4,fixed_count,pre,0.0,0.0
wall_change,4,fixed_count,post,0.0,0.0
wall_change,4,time_count,pre,0.0,0.0
wall_change,4,time_count,post,0.0,0.0
wall_change,4,fixed_random,pre,0.0,0.0
wall_change,4,fixed_random,post,0.0,0.0
wall_change,5,fixed_count,pre,0.0,0.0
wall_change,5,fixed_count,post,0.0,0.0
wall_change,5,time_count,pre,0.0,0.0
wall_change,5,time_count,post,0.0,0.0
wall_change,5,fixed_random,pre,0.0,0.0
wall_change,5,fixed_random,post,0.0,0.0
wall_change,6,fixed_count,pre,0.0,0.0
wall_change,6,fixed_count,post,0.0,0.0
wall_change,6,time_count,pre,0.0,0.0
wall_change,6,time_count,post,0.0,0.0
wall_change,6,fixed_random,pre,0.0,0.0
wall_change,6,fixed_random,post,0.0,0.0
wall_change,7,fixed_count,pre,0.0,0.0
wall_change,7,fixed_count,post,0.0,0.0
wall_change,7,time_count,pre,0.0,0.0
wall_change,7,time_count,post,0.0,0.0
wall_change,7,fixed_random,pre,0.0,0.0
wall_change,7,fixed_random,post,0.0,0.0
wall_change,8,fixed_count,pre,0.0,0.0
wall_change,8,fixed_count,post,0.0,0.0
wall_change,8,time_count,pre,0.0,0.0
wall_change,8,time_count,post,0.0,0.0
wall_change,8,fixed_random,pre,0.0,0.0
wall_change,8,fixed_random,post,0.0,0.0
wall_change,9,fixed_count,pre,0.0,0.0
wall_change,9,fixed_count,post,0.0,0.0
wall_change,9,time_count,pre,0.0,0.0
wall_change,9,time_count,post,0.0,0.0
wall_change,9,fixed_random,pre,0.0,0.0
wall_change,9,fixed_random,post,0.0,0.0
